"title","one_liner","image_url","location","booking_url","description","date_start","time_start","attending","source","source_event_id"
"Yoga | Student Sessions","Free","https://img.evbuc.com/https%3A%2F%2Fcdn.evbuc.com%2Fimages%2F1174290365%2F2042387741863%2F1%2Foriginal.20260108-091026?crop=focalpoint&fit=crop&w=1000&auto=format%2Ccompress&q=75&sharp=10&fp-x=0.5&fp-y=0.5&s=2df095b3abcfe74d6ceaeca1af507464","Talbot Rice Gallery, South Bridge, Edinburgh, EH8 9YL","https://www.eventbrite.co.uk/e/yoga-student-sessions-tickets-1969545589878?aff=ebdssbdestsearch","Immersed in our current exhibitions, you will be guided through a yoga session by Sonny!","2026-02-06","17:30:00+00:00",,"eventbrite","https://www.eventbrite.co.uk/e/yoga-student-sessions-tickets-1969545589878?aff=ebdssbdestsearch"
"New Student Welcome Program 2026","Free","https://img.evbuc.com/https%3A%2F%2Fcdn.evbuc.com%2Fimages%2F1176045374%2F1893970674273%2F1%2Foriginal.20260128-115306?crop=focalpoint&fit=crop&w=480&auto=format%2Ccompress&q=75&sharp=10&fp-x=0.883&fp-y=0.585&s=00deb496d8e2fa36df07c752602f2305","R C C G Edinburgh Tabernacle, 41-42 Inverleith Gardens, Edinburgh, EH3 5PR","https://www.eventbrite.com/e/new-student-welcome-program-2026-tickets-1981712345973?aff=ebdssbdestsearch","Aimed at new undergraduate and graduate students based in Edinburgh","2026-02-21","13:00:00Z",,"eventbrite","https://www.eventbrite.com/e/new-student-welcome-program-2026-tickets-1981712345973?aff=ebdssbdestsearch"
"Robotics Summer School, Edinburgh from 22 to 26 June 2026","£150 - £800","https://img.evbuc.com/https%3A%2F%2Fcdn.evbuc.com%2Fimages%2F1143569483%2F1343952722143%2F1%2Foriginal.20251003-121416?w=480&auto=format%2Ccompress&q=75&sharp=10&rect=0%2C53%2C1000%2C500&s=a2c460ab2d3ea327cddc0739158fad51","The National Robotarium, Third Gait, Edinburgh, EH14 4AS","https://www.eventbrite.co.uk/e/robotics-summer-school-edinburgh-from-22-to-26-june-2026-tickets-1769275162639?aff=ebdssbdestsearch","This ticket grants access to all sessions and activities from June 22 to June 26. For more information see https://ukrss.site.hw.ac.uk/","2026-06-22","09:00:00+01:00",,"eventbrite","https://www.eventbrite.co.uk/e/robotics-summer-school-edinburgh-from-22-to-26-june-2026-tickets-1769275162639?aff=ebdssbdestsearch"
"February H&GL Games Night","Free","https://img.evbuc.com/https%3A%2F%2Fcdn.evbuc.com%2Fimages%2F639899169%2F14088033721%2F1%2Foriginal.20231111-184409?w=480&auto=format%2Ccompress&q=75&sharp=10&rect=0%2C59%2C1264%2C632&s=3a7ea4fd79d2b1edf0646a155ae9d5e5","Main Library, room 1.07, 30 George Square, Edinburgh, EH8 9LJ","https://www.eventbrite.co.uk/e/february-hgl-games-night-tickets-1977557717367?aff=ebdssbdestsearch","Open to all to play, playtest, and propose games with historical and historical fantasy settings.","2026-02-23","17:30:00Z",,"eventbrite","https://www.eventbrite.co.uk/e/february-hgl-games-night-tickets-1977557717367?aff=ebdssbdestsearch"
"Final Year Nursing Students Engagement Session","Free","https://img.evbuc.com/https%3A%2F%2Fcdn.evbuc.com%2Fimages%2F1171500091%2F2984070577002%2F1%2Foriginal.20251121-153359?crop=focalpoint&fit=crop&w=1000&auto=format%2Ccompress&q=75&sharp=10&fp-x=0.5&fp-y=0.5&s=b7798300dd532d0944d33b7ceadbb485","Borders General Hospital, Huntlyburn Terrace, Melrose, TD6 9BS","https://www.eventbrite.com/e/final-year-nursing-students-engagement-session-tickets-1974966310399?aff=ebdssbdestsearch","Come meet fellow final year students, explore opportunities, and kickstart your career in person!","2026-03-12","10:00:00+00:00",,"eventbrite","https://www.eventbrite.com/e/final-year-nursing-students-engagement-session-tickets-1974966310399?aff=ebdssbdestsearch"
"Architecture and Urbanism in late Georgian Edinburgh - John Lowrey","£2 - £6","https://img.evbuc.com/https%3A%2F%2Fcdn.evbuc.com%2Fimages%2F1132439583%2F131831843045%2F1%2Foriginal.20250923-094411?w=480&auto=format%2Ccompress&q=75&sharp=10&rect=0%2C137%2C1024%2C512&s=60743c06b47b9dfddf660b1da5c78e9f","Augustine United Church, 41 George IV Bridge, Edinburgh, EH1 1EL","https://www.eventbrite.co.uk/e/architecture-and-urbanism-in-late-georgian-edinburgh-john-lowrey-tickets-1733487480719?aff=ebdssbdestsearch","John Lowrey is a senior lecturer in architectural history at Edinburgh School of Architecture and Landscape Architecture (ESALA","2026-03-09","18:30:00Z",,"eventbrite","https://www.eventbrite.co.uk/e/architecture-and-urbanism-in-late-georgian-edinburgh-john-lowrey-tickets-1733487480719?aff=ebdssbdestsearch"
"Meet & Eat - An event for 2nd year students in HCA","Free","https://img.evbuc.com/https%3A%2F%2Fcdn.evbuc.com%2Fimages%2F1174419690%2F2817279321171%2F1%2Foriginal.20260109-160111?w=480&auto=format%2Ccompress&q=75&sharp=10&rect=0%2C60%2C1920%2C960&s=a3d181d6da6a85e689ec725c1d17465f","McMillan Room (1st Floor), Doorway 4, Old Medical School, Teviot Place, Edinburgh, EH8 9AG","https://www.eventbrite.co.uk/e/meet-eat-an-event-for-2nd-year-students-in-hca-tickets-1980193323536?aff=ebdssbdestsearch","Come and join us for some delicious lunch and meet the people who make the School!","2026-02-11","12:30:00Z",,"eventbrite","https://www.eventbrite.co.uk/e/meet-eat-an-event-for-2nd-year-students-in-hca-tickets-1980193323536?aff=ebdssbdestsearch"
"CLUB RIHANNA - The Ultimate Rihanna Night (Edinburgh)","From £8.30","https://img.evbuc.com/https%3A%2F%2Fcdn.evbuc.com%2Fimages%2F1175543390%2F1928092526893%2F1%2Foriginal.20260122-125159?crop=focalpoint&fit=crop&w=480&auto=format%2Ccompress&q=75&sharp=10&fp-x=0.5&fp-y=0.5&s=e36d3c5e5c4d93846b4fc7f4da7f50e3","La Belle Angele, 11 Hastie's Close, Edinburgh, EH1 1HJ","https://www.eventbrite.co.uk/e/club-rihanna-the-ultimate-rihanna-night-edinburgh-tickets-1981320153916?aff=ebdssbdestsearch","CLUB RIHANNA - The Ultimate Rihanna Night","2026-03-07","23:00:00Z",,"eventbrite","https://www.eventbrite.co.uk/e/club-rihanna-the-ultimate-rihanna-night-edinburgh-tickets-1981320153916?aff=ebdssbdestsearch"
"The Ducky by D C Jackson","From £10.46","https://img.evbuc.com/https%3A%2F%2Fcdn.evbuc.com%2Fimages%2F1176433959%2F48886412102%2F1%2Foriginal.20260202-095614?w=480&auto=format%2Ccompress&q=75&sharp=10&rect=0%2C86%2C842%2C421&s=5ad2315b30f5d93782e60e012f241cc1","Edinburgh Napier University, B56 Studio Theatre, Merchiston Campus, 10 Colinton Road, Edinburgh, EH10 5DT","https://www.eventbrite.co.uk/e/the-ducky-by-d-c-jackson-tickets-1982175285638?aff=ebdssbdestsearch","Two years is a long time in a teenager's life.","2026-03-18","19:30:00Z",,"eventbrite","https://www.eventbrite.co.uk/e/the-ducky-by-d-c-jackson-tickets-1982175285638?aff=ebdssbdestsearch"
"College Open Day","Free","https://img.evbuc.com/https%3A%2F%2Fcdn.evbuc.com%2Fimages%2F1174824846%2F1101613378823%2F1%2Foriginal.20260114-100505?w=480&auto=format%2Ccompress&q=75&sharp=10&rect=0%2C413%2C3000%2C1500&s=6a9c1eb7839a5454052c3dee81bd3e23","Newbattle Abbey College, Newbattle Road, Newbattle, EH22 3LL","https://www.eventbrite.com/e/college-open-day-tickets-1980540454815?aff=ebdssbdestsearch","Join us for our college open day, a great way to meet the Learning and Teaching Team and explore our beautiful campus","2026-02-13","15:00:00Z",,"eventbrite","https://www.eventbrite.com/e/college-open-day-tickets-1980540454815?aff=ebdssbdestsearch"
"Campus Cupid","Free","https://img.evbuc.com/https%3A%2F%2Fcdn.evbuc.com%2Fimages%2F1175100808%2F1020485239493%2F1%2Foriginal.20260116-231825?w=1000&auto=format%2Ccompress&q=75&sharp=10&rect=158%2C0%2C2400%2C1200&s=aceac604f842bf550bb62fe8bb8a08ae","Queen Margaret Union, 22 University Gardens, Glasgow, G12 8QN","https://www.eventbrite.co.uk/e/campus-cupid-tickets-1974861255176?aff=ebdssbdestsearch","Delete Hinge, bring your friends and dress sharp ! xx","2026-02-14","20:00:00+00:00",,"eventbrite","https://www.eventbrite.co.uk/e/campus-cupid-tickets-1974861255176?aff=ebdssbdestsearch"
"British Sign Language Refresher Sessions for Paramedic Science Students","Free","https://img.evbuc.com/https%3A%2F%2Fcdn.evbuc.com%2Fimages%2F1174939369%2F1555692477303%2F1%2Foriginal.20260115-110714?crop=focalpoint&fit=crop&w=480&auto=format%2Ccompress&q=75&sharp=10&fp-x=0.021&fp-y=0.427&s=e3bc1d8397550b6ba714bd779718cf48","Queen Margaret University, Drive, Musselburgh, EH21 6UU","https://www.eventbrite.com/e/british-sign-language-refresher-sessions-for-paramedic-science-students-tickets-1980626477110?aff=ebdssbdestsearch","This 90-minute session is specifically designed as a refresher for Paramedic Science students who have already been taught some BSL.","2026-03-05","13:00:00Z",,"eventbrite","https://www.eventbrite.com/e/british-sign-language-refresher-sessions-for-paramedic-science-students-tickets-1980626477110?aff=ebdssbdestsearch"
"Meet & Eat - An event for 2nd year students in HCA - Society sign up","Free","https://img.evbuc.com/https%3A%2F%2Fcdn.evbuc.com%2Fimages%2F1174419690%2F2817279321171%2F1%2Foriginal.20260109-160111?w=480&auto=format%2Ccompress&q=75&sharp=10&rect=0%2C60%2C1920%2C960&s=a3d181d6da6a85e689ec725c1d17465f","McMillan Room (1st Floor), Doorway 4, Old Medical School, Teviot Place, Edinburgh, EH8 9AG","https://www.eventbrite.co.uk/e/meet-eat-an-event-for-2nd-year-students-in-hca-society-sign-up-tickets-1980389307730?aff=ebdssbdestsearch","Come and join us for some delicious lunch and meet the people who make the School!","2026-02-11","12:30:00Z",,"eventbrite","https://www.eventbrite.co.uk/e/meet-eat-an-event-for-2nd-year-students-in-hca-society-sign-up-tickets-1980389307730?aff=ebdssbdestsearch"
"Active Schools","Free","https://img.evbuc.com/https%3A%2F%2Fcdn.evbuc.com%2Fimages%2F1176554808%2F325619650099%2F1%2Foriginal.20260203-130829?w=480&auto=format%2Ccompress&q=75&sharp=10&rect=49%2C0%2C2152%2C1076&s=1c246b41eb48607a3a8efeb523f58f11","Moray House School of Education and Sport, University of Edinburgh, Holyrood Road, Edinburgh, EH8 8AQ","https://www.eventbrite.co.uk/e/active-schools-tickets-1982278300759?aff=ebdssbdestsearch","PROVIDER: Lorraine Dickson, Active Schools Coordinator, Wester Hailes Education Centre","2026-02-19","13:30:00Z",,"eventbrite","https://www.eventbrite.co.uk/e/active-schools-tickets-1982278300759?aff=ebdssbdestsearch"
"British Sign Language (BSL) Refresher Sessions for ITE Students","Free","https://img.evbuc.com/https%3A%2F%2Fcdn.evbuc.com%2Fimages%2F1174938555%2F1555692477303%2F1%2Foriginal.20260115-105347?w=480&auto=format%2Ccompress&q=75&sharp=10&s=315d10237d52dedd1724bcdf5e505e2f","Queen Margaret University, Drive, Musselburgh, EH21 6UU","https://www.eventbrite.com/e/british-sign-language-bsl-refresher-sessions-for-ite-students-tickets-1980626094967?aff=ebdssbdestsearch","These 90-minute sessions are specifically designed as a refresher for ITE students who have already been taught some BSL.","2026-01-26","13:00:00Z",,"eventbrite","https://www.eventbrite.com/e/british-sign-language-bsl-refresher-sessions-for-ite-students-tickets-1980626094967?aff=ebdssbdestsearch"
"Graduate to Professional-4 Evening Employability Bootcamp 24|26 Feb-3|5 Mar","£109.05","https://img.evbuc.com/https%3A%2F%2Fcdn.evbuc.com%2Fimages%2F1159703543%2F191617228624%2F1%2Foriginal.20251022-145252?w=480&auto=format%2Ccompress&q=75&sharp=10&rect=0%2C716%2C3000%2C1500&s=9ce2a19521303219af37148325894138","Old College, The University of Edinburgh, South Bridge, Edinburgh, EH8 9YL","https://www.eventbrite.co.uk/e/graduate-to-professional-4-evening-employability-bootcamp-2426-feb-35-mar-tickets-1856096307019?aff=ebdssbdestsearch","Graduate to job-ready: sharpen your CV + LinkedIn, fix your digital footprint, practise networking, rehearse interviews with coach feedback.","2026-02-24","17:00:00Z",,"eventbrite","https://www.eventbrite.co.uk/e/graduate-to-professional-4-evening-employability-bootcamp-2426-feb-35-mar-tickets-1856096307019?aff=ebdssbdestsearch"
"17th Annual National Undergraduate Surgery and Trauma  Conference","Donation","https://img.evbuc.com/https%3A%2F%2Fcdn.evbuc.com%2Fimages%2F1173957384%2F339463332249%2F1%2Foriginal.20260104-210059?crop=focalpoint&fit=crop&w=480&auto=format%2Ccompress&q=75&sharp=10&fp-x=0.481&fp-y=0.477&s=d125097eb0a4de1465db60ea4c463558","The Royal College of Surgeons of Edinburgh, Nicolson Street, Edinburgh, EH8 9DW","https://www.eventbrite.co.uk/e/17th-annual-national-undergraduate-surgery-and-trauma-conference-tickets-1970585048928?aff=ebdssbdestsearch","Exploring innovation, diversity, and unconventional career paths shaping the future of modern surgery.","2026-03-21","09:00:00Z",,"eventbrite","https://www.eventbrite.co.uk/e/17th-annual-national-undergraduate-surgery-and-trauma-conference-tickets-1970585048928?aff=ebdssbdestsearch"
"February Community Meal - ESHC","Free","https://img.evbuc.com/https%3A%2F%2Fcdn.evbuc.com%2Fimages%2F886382453%2F161812061757%2F1%2Foriginal.20241029-181016?w=480&auto=format%2Ccompress&q=75&sharp=10&rect=0%2C125%2C4000%2C2000&s=5661ff25dd379d111b0376070a9cb262","Edinburgh Student Housing Co-operative Basement, 34 Wright's Houses, Edinburgh, EH10 4HR","https://www.eventbrite.ca/e/february-community-meal-eshc-tickets-1982202816985?aff=ebdssbdestsearch","Join us for a delicious community meal brought to you by ESHC  - FREE and open to all!","2026-02-20","19:30:00Z",,"eventbrite","https://www.eventbrite.ca/e/february-community-meal-eshc-tickets-1982202816985?aff=ebdssbdestsearch"
"Stonehaven and Dunnottar Castle Day Trip","Free","https://img.evbuc.com/https%3A%2F%2Fcdn.evbuc.com%2Fimages%2F1048391653%2F157321365397%2F1%2Foriginal.20250608-143540?w=1000&auto=format%2Ccompress&q=75&sharp=10&rect=0%2C2%2C1422%2C711&s=3eb0bc8a83647eff43d3b4a9c074fec8","University of Edinburgh, 22 Buccleuch Place University of Edinburgh, Edinburgh, EH8 9LN","https://www.eventbrite.co.uk/e/stonehaven-and-dunnottar-castle-day-trip-tickets-1918373610109?aff=ebdssbdestsearch","Stonehaven and Dunnottar Castle Day Trip","2026-02-07","08:40:00+00:00",,"eventbrite","https://www.eventbrite.co.uk/e/stonehaven-and-dunnottar-castle-day-trip-tickets-1918373610109?aff=ebdssbdestsearch"
"Isle of Skye and the Highlands Weekend Tour - Group 1","Free","https://img.evbuc.com/https%3A%2F%2Fcdn.evbuc.com%2Fimages%2F483682739%2F157321365397%2F1%2Foriginal.20230403-065246?w=1000&auto=format%2Ccompress&q=75&sharp=10&rect=0%2C4%2C1588%2C794&s=945d11a96556c78a133557c8541f8d00","University of Edinburgh, 22 Buccleuch Place, Edinburgh, EH8 9LN","https://www.eventbrite.co.uk/e/isle-of-skye-and-the-highlands-weekend-tour-group-1-tickets-1918487932049?aff=ebdssbdestsearch","Isle of Skye and the Highlands Weekend Tour - Group 1","2026-02-21","07:00:00+00:00",,"eventbrite","https://www.eventbrite.co.uk/e/isle-of-skye-and-the-highlands-weekend-tour-group-1-tickets-1918487932049?aff=ebdssbdestsearch"
"Oban, Inveraray and West Highlands Day Trip","Free","https://img.evbuc.com/https%3A%2F%2Fcdn.evbuc.com%2Fimages%2F491806559%2F157321365397%2F1%2Foriginal.20221209-115952?w=1000&auto=format%2Ccompress&q=75&sharp=10&rect=0%2C0%2C1508%2C754&s=fb43a67ace9b65e38b14c4fa7d26471b","University of Edinburgh, 22 Buccleuch Place, Edinburgh, EH8 9LN","https://www.eventbrite.co.uk/e/oban-inveraray-and-west-highlands-day-trip-tickets-1918387150609?aff=ebdssbdestsearch","Oban, Inveraray and West Highlands Day Trip","2026-02-08","07:00:00+00:00",,"eventbrite","https://www.eventbrite.co.uk/e/oban-inveraray-and-west-highlands-day-trip-tickets-1918387150609?aff=ebdssbdestsearch"
"Data Analytics Course @ Edinburgh - VL Available","Free","https://img.evbuc.com/https%3A%2F%2Fcdn.evbuc.com%2Fimages%2F1074893493%2F221396868041%2F1%2Foriginal.20250716-155954?w=1000&auto=format%2Ccompress&q=75&sharp=10&rect=0%2C18%2C1026%2C513&s=314d7e0e138468bfe22b538cc30e2350","21 Calder Rd, 21 Calder Road, Edinburgh, EH11 3PF","https://www.eventbrite.co.uk/e/data-analytics-course-edinburgh-vl-available-tickets-1976449311094?aff=ebdssbdestsearch","Free (funded by SAAS) Data Analytics with Tableau Course @ Edinburgh - Virtual Learning Available.","2026-03-21","14:00:00+00:00",,"eventbrite","https://www.eventbrite.co.uk/e/data-analytics-course-edinburgh-vl-available-tickets-1976449311094?aff=ebdssbdestsearch"
"Rescuing Buildings at Risk in Northern Ireland with Karen Latimer","£2 - £6","https://img.evbuc.com/https%3A%2F%2Fcdn.evbuc.com%2Fimages%2F1132435473%2F131831843045%2F1%2Foriginal.20250923-093817?w=480&auto=format%2Ccompress&q=75&sharp=10&s=fe7d9d318947d380ffdad72d6c36cbfc","Augustine United Church, 41 George IV Bridge, Edinburgh, EH1 1EL","https://www.eventbrite.co.uk/e/rescuing-buildings-at-risk-in-northern-ireland-with-karen-latimer-tickets-1733450439929?aff=ebdssbdestsearch","Karen Latimer OBE is a trustee of Hearth, the largest and most experienced building preservation trust in Northern Ireland.","2026-02-09","18:30:00Z",,"eventbrite","https://www.eventbrite.co.uk/e/rescuing-buildings-at-risk-in-northern-ireland-with-karen-latimer-tickets-1733450439929?aff=ebdssbdestsearch"
"Building Belonging Together","£0 - £11.55","https://img.evbuc.com/https%3A%2F%2Fcdn.evbuc.com%2Fimages%2F1175374659%2F2987954941543%2F1%2Foriginal.20260120-195426?w=480&auto=format%2Ccompress&q=75&sharp=10&rect=0%2C0%2C2160%2C1080&s=20598aca205f2a22317ba836b1abe1d2","The Out of the Blue Drill Hall, 36 Dalmeny Street, Edinburgh, EH6 8RG","https://www.eventbrite.com/e/building-belonging-together-tickets-1978646827926?aff=ebdssbdestsearch","Community Exhibition Opening Night","2026-03-02","19:00:00Z",,"eventbrite","https://www.eventbrite.com/e/building-belonging-together-tickets-1978646827926?aff=ebdssbdestsearch"
"Shakespeare in Focus: Measure for Measure","£24 - £30","https://img.evbuc.com/https%3A%2F%2Fcdn.evbuc.com%2Fimages%2F1171072975%2F218373396863%2F1%2Foriginal.20251116-114018?w=480&auto=format%2Ccompress&q=75&sharp=10&rect=0%2C0%2C1458%2C729&s=1c060c2b504bd16a8a85d04674e5ccb5","Room 2F03, Dalhousie Building, University of Dundee, Old Hawkhill, Dundee, DD1 5EN","https://www.eventbrite.co.uk/e/shakespeare-in-focus-measure-for-measure-tickets-1971713161142?aff=ebdssbdestsearch","A three-week course with Rebecca Brown. Monday 23rd February - Monday 9th March 2026, 10.00 a.m. - 12 noon","2026-02-23","10:00:00Z",,"eventbrite","https://www.eventbrite.co.uk/e/shakespeare-in-focus-measure-for-measure-tickets-1971713161142?aff=ebdssbdestsearch"
"Harry Potter Bridge, Glencoe  and the Highlands Day Trip","Free","https://img.evbuc.com/https%3A%2F%2Fcdn.evbuc.com%2Fimages%2F446062139%2F157321365397%2F1%2Foriginal.20230214-161216?w=1000&auto=format%2Ccompress&q=75&sharp=10&rect=0%2C10%2C1592%2C796&s=b15826479b57f32d6aec087737b70465","University of Edinburgh, 22 Buccleuch Place, Edinburgh, EH8 9LN","https://www.eventbrite.co.uk/e/harry-potter-bridge-glencoe-and-the-highlands-day-trip-tickets-1980860041708?aff=ebdssbdestsearch","Harry Potter Bridge, Glencoe  and the Highlands Day Trip","2026-02-22","07:00:00+00:00",,"eventbrite","https://www.eventbrite.co.uk/e/harry-potter-bridge-glencoe-and-the-highlands-day-trip-tickets-1980860041708?aff=ebdssbdestsearch"
"Tango Evening Fundraiser starring CARLOS ROULET","From £13.17","https://img.evbuc.com/https%3A%2F%2Fcdn.evbuc.com%2Fimages%2F1175569668%2F529640736161%2F1%2Foriginal.20260122-173250?w=480&auto=format%2Ccompress&q=75&sharp=10&s=82d184a874891e9d1f3cd52bb9521a80","Morningside United Church, 15 Chamberlain Road, Edinburgh, EH10 4DH","https://www.eventbrite.co.uk/e/tango-evening-fundraiser-starring-carlos-roulet-tickets-1981352942989?aff=ebdssbdestsearch","An evening in the presence of a renowned Argentine Tango singer in support of a group of Napier Film Students.","2026-02-21","19:00:00Z",,"eventbrite","https://www.eventbrite.co.uk/e/tango-evening-fundraiser-starring-carlos-roulet-tickets-1981352942989?aff=ebdssbdestsearch"
"Forensic Lead Nurse Conference","£10 - £25","https://img.evbuc.com/https%3A%2F%2Fcdn.evbuc.com%2Fimages%2F1142533973%2F1748331093943%2F1%2Foriginal.20251002-134354?w=480&auto=format%2Ccompress&q=75&sharp=10&s=372d8d36e09601430ffcecfc7492de7c","Lynebank Hospital, Halbeath Road, Dunfermline, KY11 8JH","https://www.eventbrite.co.uk/e/forensic-lead-nurse-conference-tickets-1765543781979?aff=ebdssbdestsearch","Join us for a day of networking and discussing topics relevant to forensic nursing practice in Scotland!","2026-02-13","09:00:00Z",,"eventbrite","https://www.eventbrite.co.uk/e/forensic-lead-nurse-conference-tickets-1765543781979?aff=ebdssbdestsearch"
"Argyll Forest, Glennbranter and Holy Loch Day Trip","Free","https://img.evbuc.com/https%3A%2F%2Fcdn.evbuc.com%2Fimages%2F962638233%2F157321365397%2F1%2Foriginal.20250217-185316?w=1000&auto=format%2Ccompress&q=75&sharp=10&s=580ae5b6d4794ad627256a3949f2bb93","University of Edinburgh, 22 Buccleuch Place, Edinburgh, EH8 9LN","https://www.eventbrite.co.uk/e/argyll-forest-glennbranter-and-holy-loch-day-trip-tickets-1918389979069?aff=ebdssbdestsearch","Argyll Forest, Glenbranter and Holy Loch Day Trip","2026-02-21","07:00:00+00:00",,"eventbrite","https://www.eventbrite.co.uk/e/argyll-forest-glennbranter-and-holy-loch-day-trip-tickets-1918389979069?aff=ebdssbdestsearch"
"Future Drop Outs: co-working group","Donation","https://img.evbuc.com/https%3A%2F%2Fcdn.evbuc.com%2Fimages%2F1080450983%2F496422345815%2F1%2Foriginal.20250724-131921?w=1000&auto=format%2Ccompress&q=75&sharp=10&rect=0%2C0%2C2160%2C1080&s=ee57c3cbb559c92d0a451ea06d684fe0","Lavender Menace Queer Books Archive at the Edinburgh Palette, 151 London Road, Edinburgh, EH7 6AE","https://www.eventbrite.co.uk/e/future-drop-outs-co-working-group-tickets-1526638901049?aff=ebdssbdestsearch","Future Drop Outs is co-working group for queer students, researchers, and writers. Join us for a calm, supportive studying session","2026-02-16","13:00:00+0000",,"eventbrite","https://www.eventbrite.co.uk/e/future-drop-outs-co-working-group-tickets-1526638901049?aff=ebdssbdestsearch"
"Harry Potter Castle and Hogwarts Day Trip","Free","https://img.evbuc.com/https%3A%2F%2Fcdn.evbuc.com%2Fimages%2F407422389%2F157321365397%2F1%2Foriginal.20221209-131040?w=1000&auto=format%2Ccompress&q=75&sharp=10&rect=0%2C2%2C1506%2C753&s=5e8a6ef87f06cbaac5bd8bf26f92f968","University of Edinburgh, 22 Buccleuch Place, Edinburgh, EH8 9LN","https://www.eventbrite.co.uk/e/harry-potter-castle-and-hogwarts-day-trip-tickets-1918484832779?aff=ebdssbdestsearch","Harry Potter Castle and Hogwarts Day Trip","2026-03-28","08:40:00+00:00",,"eventbrite","https://www.eventbrite.co.uk/e/harry-potter-castle-and-hogwarts-day-trip-tickets-1918484832779?aff=ebdssbdestsearch"
"Aerial Yoga Workshop: Flow and Deep Stretch, Edinburgh, 22nd Feb 10-11.30am","£19.12","https://img.evbuc.com/https%3A%2F%2Fcdn.evbuc.com%2Fimages%2F1175170744%2F2321358210613%2F1%2Foriginal.20260118-143348?crop=focalpoint&fit=crop&w=480&auto=format%2Ccompress&q=75&sharp=10&fp-x=0.5&fp-y=0.5&s=b772a3a68e7a60225b2afd2d5c9b5c8b","The Crags Centre, 10 Bowmont Place, Edinburgh, EH8 9RY","https://www.eventbrite.com/e/aerial-yoga-workshop-flow-and-deep-stretch-edinburgh-22nd-feb-10-1130am-tickets-1822145599539?aff=ebdssbdestsearch","Flow, stretch and build strength - aerial yoga workshop designed to relax and empower. Suitable for those with a standard range of movement.","2026-02-22","10:00:00Z",,"eventbrite","https://www.eventbrite.com/e/aerial-yoga-workshop-flow-and-deep-stretch-edinburgh-22nd-feb-10-1130am-tickets-1822145599539?aff=ebdssbdestsearch"
"Week 3 - CV Upgrade & Cover-Letter Studio","Free","https://img.evbuc.com/https%3A%2F%2Fcdn.evbuc.com%2Fimages%2F1162369053%2F191617228624%2F1%2Foriginal.20251025-161034?w=1000&auto=format%2Ccompress&q=75&sharp=10&rect=0%2C750%2C3000%2C1500&s=06a62dbc010a748aed88be08b81656f9","Old College, The University of Edinburgh, South Bridge, Edinburgh, EH8 9YL","https://www.eventbrite.co.uk/e/week-3-cv-upgrade-cover-letter-studio-tickets-1882116825089?aff=ebdssbdestsearch","Get ready to level up your CV and cover letter game at our Week 3 event - come join us for some hands-on studio time!","2026-02-12","17:00:00+00:00",,"eventbrite","https://www.eventbrite.co.uk/e/week-3-cv-upgrade-cover-letter-studio-tickets-1882116825089?aff=ebdssbdestsearch"
"Loch Ness, Great Glen and Fort Augustus Day Trip","Free","https://img.evbuc.com/https%3A%2F%2Fcdn.evbuc.com%2Fimages%2F1048391423%2F157321365397%2F1%2Foriginal.20250608-143439?w=1000&auto=format%2Ccompress&q=75&sharp=10&s=eebad05043230ac23ef150ee8880a6e1","University of Edinburgh, 22 Buccleuch Place, Edinburgh, EH8 9LN","https://www.eventbrite.co.uk/e/loch-ness-great-glen-and-fort-augustus-day-trip-tickets-1982207804904?aff=ebdssbdestsearch","Loch Ness, Great Glen and Fort Augustus Day Trip","2026-03-15","07:00:00+00:00",,"eventbrite","https://www.eventbrite.co.uk/e/loch-ness-great-glen-and-fort-augustus-day-trip-tickets-1982207804904?aff=ebdssbdestsearch"
"Welcome to Improv: A Drop-In Improv Class w/ TBC Improv UK","Free","https://img.evbuc.com/https%3A%2F%2Fcdn.evbuc.com%2Fimages%2F1175241881%2F1716616011603%2F1%2Foriginal.20260119-145105?w=1000&auto=format%2Ccompress&q=75&sharp=10&rect=0%2C37%2C1200%2C600&s=c3fc492a5275a763c845641a0c15780e","TBC Improv UK, 1 Summerhall Mb #Z18, Edinburgh, EH9 1PL","https://www.eventbrite.co.uk/e/welcome-to-improv-a-drop-in-improv-class-w-tbc-improv-uk-tickets-1980870726667?aff=ebdssbdestsearch","A fast and fun 2 hours trying improv. We'll play exercises and games, and laugh a LOT! Join us!","2026-02-24","11:00:00+00:00",,"eventbrite","https://www.eventbrite.co.uk/e/welcome-to-improv-a-drop-in-improv-class-w-tbc-improv-uk-tickets-1980870726667?aff=ebdssbdestsearch"
"Lake District and Windermere Day Trip","Free","https://img.evbuc.com/https%3A%2F%2Fcdn.evbuc.com%2Fimages%2F491835659%2F157321365397%2F1%2Foriginal.20221209-122527?w=1000&auto=format%2Ccompress&q=75&sharp=10&rect=0%2C3%2C1508%2C754&s=60b63c7ea4381dd3d247d369b9bad56e","University of Edinburgh, 22 Buccleuch Place, Edinburgh, EH8 9LN","https://www.eventbrite.co.uk/e/lake-district-and-windermere-day-trip-tickets-1918477420609?aff=ebdssbdestsearch","Lake District and Windermere Day Trip","2026-03-14","07:00:00+00:00",,"eventbrite","https://www.eventbrite.co.uk/e/lake-district-and-windermere-day-trip-tickets-1918477420609?aff=ebdssbdestsearch"
"Outlander, Portpatrick and 3 Castles Day Trip","Free","https://img.evbuc.com/https%3A%2F%2Fcdn.evbuc.com%2Fimages%2F1048391903%2F157321365397%2F1%2Foriginal.20250608-143619?w=1000&auto=format%2Ccompress&q=75&sharp=10&rect=0%2C7%2C1424%2C712&s=7d5d3b3c4b3d87b8d3f9a2316b455f71","University of Edinburgh, 22 Buccleuch Place, Edinburgh, EH8 9LN","https://www.eventbrite.co.uk/e/outlander-portpatrick-and-3-castles-day-trip-tickets-1918397321029?aff=ebdssbdestsearch","Outlander, Portpatrick and 3 Castles Day Trip","2026-03-07","08:00:00+00:00",,"eventbrite","https://www.eventbrite.co.uk/e/outlander-portpatrick-and-3-castles-day-trip-tickets-1918397321029?aff=ebdssbdestsearch"
"So Fetch - 2000s Party (Edinburgh)","From £8.30","https://img.evbuc.com/https%3A%2F%2Fcdn.evbuc.com%2Fimages%2F1174117295%2F1928092526893%2F1%2Foriginal.20260106-170727?crop=focalpoint&fit=crop&w=480&auto=format%2Ccompress&q=75&sharp=10&fp-x=0.5&fp-y=0.5&s=a436404f04642fc059f6a23bb4fceee0","La Belle Angele, 11 Hastie's Close, Edinburgh, EH1 1HJ","https://www.eventbrite.co.uk/e/so-fetch-2000s-party-edinburgh-tickets-1979883554007?aff=ebdssbdestsearch","You Go Glen Coco! Join us for a night full of 2000s magic!","2026-02-28","23:00:00Z",,"eventbrite","https://www.eventbrite.co.uk/e/so-fetch-2000s-party-edinburgh-tickets-1979883554007?aff=ebdssbdestsearch"
"The Smith Conversations 5 of 5 – Smith on Education","Free","https://img.evbuc.com/https%3A%2F%2Fcdn.evbuc.com%2Fimages%2F624803899%2F1134822093913%2F1%2Foriginal.20231020-115841?w=1000&auto=format%2Ccompress&q=75&sharp=10&rect=0%2C63%2C786%2C393&s=7306c13ad5146e9aed068b543cd61ce2","Library of Mistakes, 33A Melville Street Lane, Edinburgh, EH3 7QB","https://www.eventbrite.co.uk/e/the-smith-conversations-5-of-5-smith-on-education-tickets-1981188104954?aff=ebdssbdestsearch","A true Scottish Enlightenment conversation about improving society.","2026-03-13","18:30:00+00:00",,"eventbrite","https://www.eventbrite.co.uk/e/the-smith-conversations-5-of-5-smith-on-education-tickets-1981188104954?aff=ebdssbdestsearch"
"Holy Island and Lindisfarne Castle Day Trip","Free","https://img.evbuc.com/https%3A%2F%2Fcdn.evbuc.com%2Fimages%2F801337249%2F157321365397%2F1%2Foriginal.20240703-204854?w=1000&auto=format%2Ccompress&q=75&sharp=10&rect=0%2C8%2C1588%2C794&s=a4ff97128e8ab7cfa31ee9e472554923","University of Edinburgh, 22 Buccleuch Place, Edinburgh, EH8 9LN","https://www.eventbrite.co.uk/e/holy-island-and-lindisfarne-castle-day-trip-tickets-1918483458669?aff=ebdssbdestsearch","Holy Island and Lindisfarne Castle Day Trip","2026-03-22","08:45:00+00:00",,"eventbrite","https://www.eventbrite.co.uk/e/holy-island-and-lindisfarne-castle-day-trip-tickets-1918483458669?aff=ebdssbdestsearch"
"Festival of Play 2026 - Dundee","£0 - £50","https://img.evbuc.com/https%3A%2F%2Fcdn.evbuc.com%2Fimages%2F1175932015%2F28082596695%2F1%2Foriginal.20260127-102208?w=480&auto=format%2Ccompress&q=75&sharp=10&rect=0%2C13%2C1200%2C600&s=ca633e61e4846e3813bc8a3fdf747585","Abertay University, Bell Street, Dundee, DD1 1HG","https://www.eventbrite.co.uk/e/festival-of-play-2026-dundee-tickets-1980707511486?aff=ebdssbdestsearch","Join Digital Schoolhouse and Electronic Arts for a fun-filled creative careers and computing conference for school students and teachers!","2026-06-10","10:00:00+01:00",,"eventbrite","https://www.eventbrite.co.uk/e/festival-of-play-2026-dundee-tickets-1980707511486?aff=ebdssbdestsearch"
"GIA Education Lecture Series - Currie & Brown - Quantity surveyors","Free","https://img.evbuc.com/https%3A%2F%2Fcdn.evbuc.com%2Fimages%2F1176037510%2F1757466718783%2F1%2Foriginal.20260128-092023?w=480&auto=format%2Ccompress&q=75&sharp=10&rect=0%2C731%2C3508%2C1754&s=9651b11dc48b7ff5072683d0d041a409","Harley Haddow (Glasgow) Limited, 45 West Nile Street, Glasgow, G1 2PT","https://www.eventbrite.co.uk/e/gia-education-lecture-series-currie-brown-quantity-surveyors-tickets-1981732108082?aff=ebdssbdestsearch","Aimed at students of  and other construction related fields to introduce the principles of working within a design team","2026-02-05","17:00:00Z",,"eventbrite","https://www.eventbrite.co.uk/e/gia-education-lecture-series-currie-brown-quantity-surveyors-tickets-1981732108082?aff=ebdssbdestsearch"
"Intro to Longform Improv Course (103) w/ TBC Improv UK","Free","https://img.evbuc.com/https%3A%2F%2Fcdn.evbuc.com%2Fimages%2F1078683573%2F1716616011603%2F1%2Foriginal.20250722-121911?crop=focalpoint&fit=crop&w=1000&auto=format%2Ccompress&q=75&sharp=10&fp-x=0.005&fp-y=0.005&s=8ea629cc40aae47bbd8258dd031abdf6","Summerhall, TBC UK Studio #1 Summerhall, Edinburgh, EH9 1PL","https://www.eventbrite.co.uk/e/intro-to-longform-improv-course-103-w-tbc-improv-uk-tickets-1512481435689?aff=ebdssbdestsearch","An 8-class intro to longform improv—build scenes, spot patterns, and start connecting ideas to create full, dynamic shows.","2026-04-14","18:30:00+01:00",,"eventbrite","https://www.eventbrite.co.uk/e/intro-to-longform-improv-course-103-w-tbc-improv-uk-tickets-1512481435689?aff=ebdssbdestsearch"
"Extending the National Gallery of Scotland  with D. Echlin & T. Hamilton","£2 - £6","https://img.evbuc.com/https%3A%2F%2Fcdn.evbuc.com%2Fimages%2F1132446663%2F131831843045%2F1%2Foriginal.20250923-095437?w=480&auto=format%2Ccompress&q=75&sharp=10&rect=0%2C100%2C1200%2C600&s=973a82d2535e7b874dcc31c300a144ba","Augustine United Church, 41 George IV Bridge, Edinburgh, EH1 1EL","https://www.eventbrite.co.uk/e/extending-the-national-gallery-of-scotland-with-d-echlin-t-hamilton-tickets-1733504782469?aff=ebdssbdestsearch","Architect Thomas Hamilton and engineer Dominic Echlin discuss building challenges behind the new Scottish Galleries at the National Gallery.","2026-04-13","18:30:00+01:00",,"eventbrite","https://www.eventbrite.co.uk/e/extending-the-national-gallery-of-scotland-with-d-echlin-t-hamilton-tickets-1733504782469?aff=ebdssbdestsearch"
"Head. Heart. Hand. preview performance","Free","https://img.evbuc.com/https%3A%2F%2Fcdn.evbuc.com%2Fimages%2F1175560839%2F698162363393%2F1%2Foriginal.20260122-161619?crop=focalpoint&fit=crop&w=480&auto=format%2Ccompress&q=75&sharp=10&fp-x=0.5&fp-y=0.5&s=ec211cc1a8dfd49ab078d8bdf1319dab","Traverse Theatre, 10 Cambridge Street, Edinburgh, EH1 2ED","https://www.eventbrite.com/e/head-heart-hand-preview-performance-tickets-1981347192790?aff=ebdssbdestsearch","150 FREE tickets available for closed preview -19 Feb at 2pm - for QMU students and staff in Performing Arts, Film, Media and Arts subjects","2026-02-19","14:00:00Z",,"eventbrite","https://www.eventbrite.com/e/head-heart-hand-preview-performance-tickets-1981347192790?aff=ebdssbdestsearch"
"Candlelit Restorative Yoga for Relaxation","£10","https://img.evbuc.com/https%3A%2F%2Fcdn.evbuc.com%2Fimages%2F1174327021%2F2702003620511%2F1%2Foriginal.20260108-171442?crop=focalpoint&fit=crop&w=480&auto=format%2Ccompress&q=75&sharp=10&fp-x=0.5&fp-y=0.5&s=285195f418977df43646f7b3d8186ac1","Art and Spirituality :Yoga, Healing, Meditation, Massage, Hire, Classes, Workshops, 6-8 Alexander Drive, Gorgie, EH11 2RH","https://www.eventbrite.co.uk/e/candlelit-restorative-yoga-for-relaxation-tickets-1980110984257?aff=ebdssbdestsearch","Unwind and rest under the soft glow of candlelight with a peaceful restorative yoga session.","2026-01-13","19:30:00Z",,"eventbrite","https://www.eventbrite.co.uk/e/candlelit-restorative-yoga-for-relaxation-tickets-1980110984257?aff=ebdssbdestsearch"
"Gentle Flow Yoga","£10","https://img.evbuc.com/https%3A%2F%2Fcdn.evbuc.com%2Fimages%2F1168279543%2F30753273479%2F1%2Foriginal.20251102-114718?w=480&auto=format%2Ccompress&q=75&sharp=10&s=cd59987039f12a22aca4d5003daeb6b2","OMH Therapies Yoga & Meditation Studio Edinburgh, 4 Atholl Place, Edinburgh, EH3 8HT","https://www.eventbrite.co.uk/e/gentle-flow-yoga-tickets-1945771738649?aff=ebdssbdestsearch","Gentle yoga class, focus on mindful movements with breath awareness. All levels welcome.","2025-11-12","09:30:00Z",,"eventbrite","https://www.eventbrite.co.uk/e/gentle-flow-yoga-tickets-1945771738649?aff=ebdssbdestsearch"
"ETAG 26 Conference","£120 - £132","https://img.evbuc.com/https%3A%2F%2Fcdn.evbuc.com%2Fimages%2F1141260753%2F3329440072%2F1%2Foriginal.20251001-123540?w=480&auto=format%2Ccompress&q=75&sharp=10&rect=0%2C3%2C7008%2C3504&s=22078f021677c515fdab18e352d8d243","Edinburgh Futures Institute, The University of Edinburgh, 1 Lauriston Place, Edinburgh, EH3 9EF","https://www.eventbrite.co.uk/e/etag-26-conference-tickets-1668731132739?aff=ebdssbdestsearch","Join us for our annual conference - the “must attend” event for everyone with an interest in Edinburgh’s visitor economy.","2026-02-10","12:00:00Z",,"eventbrite","https://www.eventbrite.co.uk/e/etag-26-conference-tickets-1668731132739?aff=ebdssbdestsearch"
"Hacked Knitting Machine Experience Day","Donation","https://img.evbuc.com/https%3A%2F%2Fcdn.evbuc.com%2Fimages%2F904594563%2F13739380111%2F1%2Foriginal.20241122-145802?w=1000&auto=format%2Ccompress&q=75&sharp=10&rect=16%2C459%2C2700%2C1350&s=9f75197eae09358ebb02be2cd8734051","Coburg House, 15 Coburg Street, Leith, EH6 6ET","https://www.eventbrite.co.uk/e/hacked-knitting-machine-experience-day-registration-1546768388889?aff=ebdssbdestsearch","Can you plug a laptop into a vintage electronic knitting machine? Yes you can! Spend a day in my studio and discover what's possible.","2026-02-21","10:00:00+0000",,"eventbrite","https://www.eventbrite.co.uk/e/hacked-knitting-machine-experience-day-registration-1546768388889?aff=ebdssbdestsearch"
"Strong Flow Aerial Yoga Workshop Edinburgh, Sat 21st Feb 9.15-10.45am","Free","https://img.evbuc.com/https%3A%2F%2Fcdn.evbuc.com%2Fimages%2F1130203093%2F2321358210613%2F1%2Foriginal.20250920-174310?crop=focalpoint&fit=crop&w=1000&auto=format%2Ccompress&q=75&sharp=10&fp-x=0.5&fp-y=0.5&s=5e32858f43452be34ff9c34dbac8c21c","The Crags Centre, 10 Bowmont Place, Edinburgh, EH8 9RY","https://www.eventbrite.com/e/strong-flow-aerial-yoga-workshop-edinburgh-sat-21st-feb-915-1045am-tickets-1722540668509?aff=ebdssbdestsearch","A powerful aerial yoga workshop for experienced yogis and movers. Build full-body strength, explore dynamic flows, deeper wraps & fun poses!","2026-02-21","09:15:00+00:00",,"eventbrite","https://www.eventbrite.com/e/strong-flow-aerial-yoga-workshop-edinburgh-sat-21st-feb-915-1045am-tickets-1722540668509?aff=ebdssbdestsearch"
"Watersport rolling and safety skills: Pool session - Adults","£60","https://img.evbuc.com/https%3A%2F%2Fcdn.evbuc.com%2Fimages%2F833909239%2F317871163731%2F1%2Foriginal.20240825-174846?w=480&auto=format%2Ccompress&q=75&sharp=10&rect=0%2C31%2C470%2C235&s=0c2e4954932ff849ecec2386a33201c7","Forth Canoe Club, Harrison Road, Edinburgh, EH11 1EQ","https://www.eventbrite.co.uk/e/watersport-rolling-and-safety-skills-pool-session-adults-tickets-1846486925099?aff=ebdssbdestsearch","A great chance for adults to learn how to roll, and practice your water rescue skills with kayaks, in warm water!","2026-02-28","13:20:00Z",,"eventbrite","https://www.eventbrite.co.uk/e/watersport-rolling-and-safety-skills-pool-session-adults-tickets-1846486925099?aff=ebdssbdestsearch"
"Week 4 - 1:1 Mock Interviews + CV & Digital Impression Review","Free","https://img.evbuc.com/https%3A%2F%2Fcdn.evbuc.com%2Fimages%2F1162398633%2F191617228624%2F1%2Foriginal.20251025-171115?w=1000&auto=format%2Ccompress&q=75&sharp=10&rect=0%2C750%2C3000%2C1500&s=4445a1708dbdf879956be77b54cf1c79","Old College, The University of Edinburgh, South Bridge, Edinburgh, EH8 9YL","https://www.eventbrite.co.uk/e/week-4-11-mock-interviews-cv-digital-impression-review-tickets-1882773288589?aff=ebdssbdestsearch","Come get some practice with mock interviews, get feedback on your CV, and make sure your online presence is making a good impression!","2026-02-17","17:00:00+00:00",,"eventbrite","https://www.eventbrite.co.uk/e/week-4-11-mock-interviews-cv-digital-impression-review-tickets-1882773288589?aff=ebdssbdestsearch"
"Historic Bricks and Tiles","£30 - £45","https://img.evbuc.com/https%3A%2F%2Fcdn.evbuc.com%2Fimages%2F1034072703%2F242117655291%2F1%2Foriginal.20250519-153221?w=480&auto=format%2Ccompress&q=75&sharp=10&rect=0%2C810%2C4736%2C2368&s=a7ac15a49c647f54da3d5a3f141700be","The Engine Shed, Forthside Way, Stirling, FK8 1QZ","https://www.eventbrite.co.uk/e/historic-bricks-and-tiles-tickets-1371278594189?aff=ebdssbdestsearch","An introduction to the conservation of fired clay products in Scotland’s historic built environment, focusing on brickwork and tiling","2026-02-10","09:30:00Z",,"eventbrite","https://www.eventbrite.co.uk/e/historic-bricks-and-tiles-tickets-1371278594189?aff=ebdssbdestsearch"
"Stone in Scotland: Past, Present and Future","£30 - £85","https://img.evbuc.com/https%3A%2F%2Fcdn.evbuc.com%2Fimages%2F1034846403%2F242117655291%2F1%2Foriginal.20250520-122738?w=480&auto=format%2Ccompress&q=75&sharp=10&rect=0%2C440%2C1134%2C567&s=dc618c2247b5178b8b2e35938d1f177b","The Engine Shed, Forthside Way, Stirling, FK8 1QZ","https://www.eventbrite.co.uk/e/stone-in-scotland-past-present-and-future-tickets-1372592925389?aff=ebdssbdestsearch","Stone, Scotland’s preeminent building material. We will share information on developments for its conservation and future use.","2026-02-24","09:30:00Z",,"eventbrite","https://www.eventbrite.co.uk/e/stone-in-scotland-past-present-and-future-tickets-1372592925389?aff=ebdssbdestsearch"
"Intro to Improv Course (101) w/ TBC Improv UK - Spring '26","Free","https://img.evbuc.com/https%3A%2F%2Fcdn.evbuc.com%2Fimages%2F1174970569%2F1716616011603%2F1%2Foriginal.20260115-171445?w=1000&auto=format%2Ccompress&q=75&sharp=10&rect=0%2C0%2C2160%2C1080&s=05e430d6d451de954af59902dbfa0ecc","Summerhall, TBC UK Studio #1 Summerhall, Edinburgh, EH9 1PL","https://www.eventbrite.co.uk/e/intro-to-improv-course-101-w-tbc-improv-uk-spring-26-tickets-1980646003514?aff=ebdssbdestsearch","Discover and learn the foundations to creating improvised performance in this 4-week course!","2026-02-22","10:30:00+00:00",,"eventbrite","https://www.eventbrite.co.uk/e/intro-to-improv-course-101-w-tbc-improv-uk-spring-26-tickets-1980646003514?aff=ebdssbdestsearch"
"Harry Styles Album Release Party - Non Stop Styles (Edinburgh)","From £8.30","https://img.evbuc.com/https%3A%2F%2Fcdn.evbuc.com%2Fimages%2F1175543921%2F1928092526893%2F1%2Foriginal.20260122-130119?crop=focalpoint&fit=crop&w=480&auto=format%2Ccompress&q=75&sharp=10&fp-x=1.0&fp-y=0.526&s=61b587774c777ed32aefe89383c163d6","La Belle Angele, 11 Hastie's Close, Edinburgh, EH1 1HJ","https://www.eventbrite.co.uk/e/harry-styles-album-release-party-non-stop-styles-edinburgh-tickets-1981320608275?aff=ebdssbdestsearch","Calling all Harries and Directioners!","2026-03-13","23:00:00Z",,"eventbrite","https://www.eventbrite.co.uk/e/harry-styles-album-release-party-non-stop-styles-edinburgh-tickets-1981320608275?aff=ebdssbdestsearch"
"Scottish Art and the Academy: SSAH conference 2026 for RSA200","Donation","https://img.evbuc.com/https%3A%2F%2Fcdn.evbuc.com%2Fimages%2F1171863179%2F8761078239%2F1%2Foriginal.20251127-093448?w=1000&auto=format%2Ccompress&q=75&sharp=10&rect=0%2C392%2C3500%2C1750&s=bf75e2e70e2b755fc3f78951674ea152","National Galleries of Scotland: National, The Mound, Edinburgh, EH2 2EL","https://www.eventbrite.co.uk/e/scottish-art-and-the-academy-ssah-conference-2026-for-rsa200-tickets-1975956961463?aff=ebdssbdestsearch","The Scottish Society for Art History partners with the Royal Scottish Academy to host a two-day in-person event marking RSA 200.","2026-02-05","10:00:00+0000",,"eventbrite","https://www.eventbrite.co.uk/e/scottish-art-and-the-academy-ssah-conference-2026-for-rsa200-tickets-1975956961463?aff=ebdssbdestsearch"
"Decarbonisation Pathways:TheRole of CarbonCredits in GlobalClimate Strategy","Free","https://img.evbuc.com/https%3A%2F%2Fcdn.evbuc.com%2Fimages%2F1176112487%2F2684957869691%2F1%2Foriginal.20260128-224227?w=480&auto=format%2Ccompress&q=75&sharp=10&rect=0%2C230%2C1024%2C512&s=7eefd396947189efe4381e8c626ef0d1","Auditorium GF14 Business School, The University of Edinburgh, 29 Buccleuch Place, Edinburgh, EH8 9JS","https://www.eventbrite.com/e/decarbonisation-pathwaystherole-of-carboncredits-in-globalclimate-strategy-tickets-1978808359070?aff=ebdssbdestsearch","Join us in person to explore how carbon credits shape global climate moves and the road to decarbonisation!","2026-02-19","10:00:00Z",,"eventbrite","https://www.eventbrite.com/e/decarbonisation-pathwaystherole-of-carboncredits-in-globalclimate-strategy-tickets-1978808359070?aff=ebdssbdestsearch"
"Aerial Yoga Workshop: Flow and Deep Stretch, Edinburgh 28th March 11-12.30","Free","https://img.evbuc.com/https%3A%2F%2Fcdn.evbuc.com%2Fimages%2F1171712740%2F2321358210613%2F1%2Foriginal.20251125-102819?crop=focalpoint&fit=crop&w=1000&auto=format%2Ccompress&q=75&sharp=10&fp-x=0.5&fp-y=0.5&s=10d89ed69d37a2b270445acf594d0446","The Crags Centre, 10 Bowmont Place, Edinburgh, EH8 9RY","https://www.eventbrite.com/e/aerial-yoga-workshop-flow-and-deep-stretch-edinburgh-28th-march-11-1230-tickets-1975539384479?aff=ebdssbdestsearch","Flow, stretch and build strength - aerial yoga workshop designed to relax and empower. Suitable for those with a standard range of movement.","2026-03-28","11:00:00+00:00",,"eventbrite","https://www.eventbrite.com/e/aerial-yoga-workshop-flow-and-deep-stretch-edinburgh-28th-march-11-1230-tickets-1975539384479?aff=ebdssbdestsearch"
"Edinburgh Pub Crawl","From £14.25","https://img.evbuc.com/https%3A%2F%2Fcdn.evbuc.com%2Fimages%2F1174639437%2F2801306951791%2F1%2Foriginal.20260112-171639?w=480&auto=format%2Ccompress&q=75&sharp=10&rect=0%2C91%2C1920%2C960&s=92d0f1eaf6cef3513161d6820281209b","Pilgrim Bar, 3 Robertson's Close, Edinburgh, EH1 1LY","https://www.eventbrite.co.uk/e/edinburgh-pub-crawl-tickets-1980396232442?aff=ebdssbdestsearch","Party across 5 venues with free entry, free shots, drink deals, a photographer, top DJs, and new friends—Edinburgh’s ultimate pub crawl.","2026-01-16","19:30:00Z",,"eventbrite","https://www.eventbrite.co.uk/e/edinburgh-pub-crawl-tickets-1980396232442?aff=ebdssbdestsearch"
"Women in Leadership: Give to Gain | Edinburgh","£0 - £20","https://img.evbuc.com/https%3A%2F%2Fcdn.evbuc.com%2Fimages%2F1175534650%2F2698913751781%2F1%2Foriginal.20260122-101253?crop=focalpoint&fit=crop&w=480&auto=format%2Ccompress&q=75&sharp=10&fp-x=0.5&fp-y=0.5&s=c5d2040c948dbc06756d9f72f15da8ad","Grassmarket Community Project & Coffee Saints Cafe, 86 Candlemaker Row, Edinburgh, EH1 2QA","https://www.eventbrite.co.uk/e/women-in-leadership-give-to-gain-edinburgh-tickets-1981303105925?aff=ebdssbdestsearch","Get ready to be inspired by women at this year's 'Women in Leadership' event, marking International Women's Day 2026.","2026-02-23","09:00:00Z",,"eventbrite","https://www.eventbrite.co.uk/e/women-in-leadership-give-to-gain-edinburgh-tickets-1981303105925?aff=ebdssbdestsearch"
"HCA Finalists Reception","Free","https://img.evbuc.com/https%3A%2F%2Fcdn.evbuc.com%2Fimages%2F1174755083%2F2817279321171%2F1%2Foriginal.20260113-175332?w=480&auto=format%2Ccompress&q=75&sharp=10&rect=0%2C60%2C1920%2C960&s=c86d13d89f38921a2f02f61227444fe2","Potterrow Dome, 5 Bristo Place, Edinburgh, EH8 9AL","https://www.eventbrite.co.uk/e/hca-finalists-reception-tickets-1980478955870?aff=ebdssbdestsearch","Join us for some drinks to celebrate the last semester of your degree!","2026-02-05","17:00:00Z",,"eventbrite","https://www.eventbrite.co.uk/e/hca-finalists-reception-tickets-1980478955870?aff=ebdssbdestsearch"
"CompTIA Security + Evening  Course @ Edinburgh - Virtual Learning Available","Free","https://img.evbuc.com/https%3A%2F%2Fcdn.evbuc.com%2Fimages%2F436945749%2F260639439522%2F1%2Foriginal.20220815-131519?w=480&auto=format%2Ccompress&q=75&sharp=10&rect=0%2C25%2C700%2C350&s=7a35651d32742a33c2db88bb62d815ff","21 Calder Rd, 21 Calder Road, Edinburgh, EH11 3PF","https://www.eventbrite.co.uk/e/comptia-security-evening-course-edinburgh-virtual-learning-available-tickets-1477641628889?aff=ebdssbdestsearch","IT Professional Training are offering you the chance to join the free (fully funded by SAAS) CompTIA Security + Course.","2026-02-26","18:00:00Z",,"eventbrite","https://www.eventbrite.co.uk/e/comptia-security-evening-course-edinburgh-virtual-learning-available-tickets-1477641628889?aff=ebdssbdestsearch"
"Vertically Integrated Project (VIP) Taster Session - Students/ Staff Only","Free","https://img.evbuc.com/https%3A%2F%2Fcdn.evbuc.com%2Fimages%2F1172623466%2F469524693069%2F1%2Foriginal.20251209-175802?w=1000&auto=format%2Ccompress&q=75&sharp=10&rect=0%2C30%2C2550%2C1275&s=6ea69cd52b2da100c345570fcaf9498f","St Andrews Botanic Garden, Canongate, St Andrews, KY16 8RT","https://www.eventbrite.co.uk/e/vertically-integrated-project-vip-taster-session-students-staff-only-tickets-1977398654606?aff=ebdssbdestsearch","Join us for a collaborative session to shape a new VIP that engages with the collections of the Botanic Garden -  uni students & staff","2026-02-25","13:00:00+00:00",,"eventbrite","https://www.eventbrite.co.uk/e/vertically-integrated-project-vip-taster-session-students-staff-only-tickets-1977398654606?aff=ebdssbdestsearch"
"Reconnecting Within & Together: A 3-Week Meditation Course","Donation","https://img.evbuc.com/https%3A%2F%2Fcdn.evbuc.com%2Fimages%2F1175168298%2F299722825450%2F1%2Foriginal.20260118-130452?w=480&auto=format%2Ccompress&q=75&sharp=10&rect=0%2C122%2C1280%2C640&s=d5476cef1fc7c89413fd5d68082b55cf","Musselburgh, ..., Musselburgh, EH21","https://www.eventbrite.es/e/reconnecting-within-together-a-3-week-meditation-course-tickets-1980802724270?aff=ebdssbdestsearch","Discover some of the benefits that meditation can bring into your life.","2026-02-04","18:00:00Z",,"eventbrite","https://www.eventbrite.es/e/reconnecting-within-together-a-3-week-meditation-course-tickets-1980802724270?aff=ebdssbdestsearch"
"Lime Mortar: Principles and Practices","£30 - £45","https://img.evbuc.com/https%3A%2F%2Fcdn.evbuc.com%2Fimages%2F1034860983%2F242117655291%2F1%2Foriginal.20250520-125014?w=480&auto=format%2Ccompress&q=75&sharp=10&rect=0%2C91%2C1024%2C512&s=3c5dd50c96f3e69c2cf8f257723b821a","The Engine Shed, Forthside Way, Stirling, FK8 1QZ","https://www.eventbrite.co.uk/e/lime-mortar-principles-and-practices-tickets-1372609264259?aff=ebdssbdestsearch","An introduction to the practical and scientific use of traditional lime for building purposes in Scotland.","2026-03-17","09:30:00Z",,"eventbrite","https://www.eventbrite.co.uk/e/lime-mortar-principles-and-practices-tickets-1372609264259?aff=ebdssbdestsearch"
"Student Beach Walk, Seaweed Foraging and Guided Exhibition Tour","Free","https://img.evbuc.com/https%3A%2F%2Fcdn.evbuc.com%2Fimages%2F1175637521%2F469524693069%2F1%2Foriginal.20260123-120949?w=480&auto=format%2Ccompress&q=75&sharp=10&rect=0%2C22%2C1200%2C600&s=9c21d46c50ecffae18885bd33351be4d","St Andrews Botanic Garden, Canongate, St Andrews, KY16 8RT","https://www.eventbrite.co.uk/e/student-beach-walk-seaweed-foraging-and-guided-exhibition-tour-tickets-1981421343577?aff=ebdssbdestsearch","Join us for Beach Foraging and a Guided Exhibition Tour - a collaboration with the University of St Andrews’ Environment Network.","2026-02-25","10:00:00Z",,"eventbrite","https://www.eventbrite.co.uk/e/student-beach-walk-seaweed-foraging-and-guided-exhibition-tour-tickets-1981421343577?aff=ebdssbdestsearch"
"Free (funded by SAAS) Cyber Security Essentials (Cisco) Course @ Edinburgh","Free","https://img.evbuc.com/https%3A%2F%2Fcdn.evbuc.com%2Fimages%2F1114223033%2F221396868041%2F1%2Foriginal.20250904-142433?w=1000&auto=format%2Ccompress&q=75&sharp=10&rect=0%2C18%2C1026%2C513&s=784142da13eb5a8cf67848599a4484cd","21 Calder Rd, 21 Calder Road, Edinburgh, EH11 3PF","https://www.eventbrite.co.uk/e/free-funded-by-saas-cyber-security-essentials-cisco-course-edinburgh-tickets-1963473722760?aff=ebdssbdestsearch","IT Professional Training are offering you the chance to join the free (fully funded by SAAS) Cyber Security Essentials (Cisco) Course.","2026-02-13","18:00:00+00:00",,"eventbrite","https://www.eventbrite.co.uk/e/free-funded-by-saas-cyber-security-essentials-cisco-course-edinburgh-tickets-1963473722760?aff=ebdssbdestsearch"
"Taste of Scotland (FREE)","Free","https://img.evbuc.com/https%3A%2F%2Fcdn.evbuc.com%2Fimages%2F1174090059%2F5324520556%2F1%2Foriginal.20260106-113228?w=480&auto=format%2Ccompress&q=75&sharp=10&rect=0%2C0%2C940%2C470&s=267733889dca75533c7ce336f69b9110","Glasgow Caledonian University, 70 Cowcaddens Road, Cowcaddens, Glasgow, G4 0BA","https://www.eventbrite.co.uk/e/taste-of-scotland-free-tickets-1979858042702?aff=ebdssbdestsearch","This is your chance to try some Scottish traditional dishes","2026-02-11","12:00:00Z",,"eventbrite","https://www.eventbrite.co.uk/e/taste-of-scotland-free-tickets-1979858042702?aff=ebdssbdestsearch"
"DataFest 2026","£192","https://img.evbuc.com/https%3A%2F%2Fcdn.evbuc.com%2Fimages%2F1165269023%2F1419711477053%2F1%2Foriginal.20251029-105551?crop=focalpoint&fit=crop&w=480&auto=format%2Ccompress&q=75&sharp=10&fp-x=0.083&fp-y=0.551&s=b34a76f73aa8ad5d99669b8affe28243","Assembly Rooms, 54 George Street, Edinburgh, EH2 2LR","https://www.eventbrite.co.uk/e/datafest-2026-tickets-1764154867699?aff=ebdssbdestsearch","Scotland's leading data and AI event returns on 27th & 28th May 2026!","2026-05-27","13:30:00+01:00",,"eventbrite","https://www.eventbrite.co.uk/e/datafest-2026-tickets-1764154867699?aff=ebdssbdestsearch"
"Framer Mastery Workshop in Edinburgh","£269 - £469","https://img.evbuc.com/https%3A%2F%2Fcdn.evbuc.com%2Fimages%2F1175024238%2F2272428896283%2F1%2Foriginal.20260116-032521?w=480&auto=format%2Ccompress&q=75&sharp=10&rect=0%2C0%2C6480%2C3240&s=97428ef4942406dd25753d494ac80cf8","calton Rd, Edinburgh, Calton Road, Edinburgh, EH8 8DL","https://www.eventbrite.com.au/e/framer-mastery-workshop-in-edinburgh-tickets-1980687939947?aff=ebdssbdestsearch","Join a full-day, in-person workshop where you'll master Framer & start publishing pixel-perfect websites without code. Hosted in Edinburgh.","2026-04-23","09:00:00+01:00",,"eventbrite","https://www.eventbrite.com.au/e/framer-mastery-workshop-in-edinburgh-tickets-1980687939947?aff=ebdssbdestsearch"
"Fife College - Jewellery Evening Course","£195","https://img.evbuc.com/https%3A%2F%2Fcdn.evbuc.com%2Fimages%2F1175820210%2F183272477416%2F1%2Foriginal.20260126-091817?crop=focalpoint&fit=crop&w=480&auto=format%2Ccompress&q=75&sharp=10&fp-x=0.5&fp-y=0.5&s=66ee77951da08e524e1cab39527ceb08","Fife College Glenrothes campus, Stenton campus, Stenton Road, Glenrothes, KY6 2RA","https://www.eventbrite.co.uk/e/fife-college-jewellery-evening-course-tickets-1980983673494?aff=ebdssbdestsearch","Get ready to unleash your creativity with our Jewellery Evening Course at Fife College - it's time to shine bright like a diamond!","2026-03-04","18:00:00Z",,"eventbrite","https://www.eventbrite.co.uk/e/fife-college-jewellery-evening-course-tickets-1980983673494?aff=ebdssbdestsearch"
"Aerial Yoga Workshop: Flow and Deep Stretch, Edinburgh 2nd May 11am-12.30pm","£19.12","https://img.evbuc.com/https%3A%2F%2Fcdn.evbuc.com%2Fimages%2F1175124966%2F2321358210613%2F1%2Foriginal.20260117-144949?crop=focalpoint&fit=crop&w=480&auto=format%2Ccompress&q=75&sharp=10&fp-x=0.5&fp-y=0.5&s=e124a271d59158d03fbd16bba7f619c0","The Crags Centre, 10 Bowmont Place, Edinburgh, EH8 9RY","https://www.eventbrite.com/e/aerial-yoga-workshop-flow-and-deep-stretch-edinburgh-2nd-may-11am-1230pm-tickets-1980773004377?aff=ebdssbdestsearch","Flow, stretch and build strength - aerial yoga workshop designed to relax and empower. Suitable for those with a standard range of movement.","2026-05-02","11:00:00+01:00",,"eventbrite","https://www.eventbrite.com/e/aerial-yoga-workshop-flow-and-deep-stretch-edinburgh-2nd-may-11am-1230pm-tickets-1980773004377?aff=ebdssbdestsearch"
"The Camera - Portobello Photography School","Free","https://img.evbuc.com/https%3A%2F%2Fcdn.evbuc.com%2Fimages%2F492699959%2F280442441937%2F1%2Foriginal.20190321-115952?w=1000&auto=format%2Ccompress&q=75&sharp=10&rect=0%2C756%2C3024%2C1512&s=b00ec6bcf09ace501b4f23ec926b859a","Portobello Swim Centre, Pittville Street, Portobello, EH15 2BS","https://www.eventbrite.co.uk/e/the-camera-portobello-photography-school-tickets-1978383081052?aff=ebdssbdestsearch","Demystify the settings of your DSLR on this one-day intensive workshop with the support of photographer Alicia Bruce","2026-03-01","10:30:00+00:00",,"eventbrite","https://www.eventbrite.co.uk/e/the-camera-portobello-photography-school-tickets-1978383081052?aff=ebdssbdestsearch"
"Scottish Roofing: Materials and Practices","£30 - £85","https://img.evbuc.com/https%3A%2F%2Fcdn.evbuc.com%2Fimages%2F1035014213%2F242117655291%2F1%2Foriginal.20250520-152605?w=480&auto=format%2Ccompress&q=75&sharp=10&rect=0%2C97%2C1168%2C584&s=aac64542f59227103c63f23e98ddd60a","The Engine Shed, Forthside Way, Stirling, FK8 1QZ","https://www.eventbrite.co.uk/e/scottish-roofing-materials-and-practices-tickets-1373043864159?aff=ebdssbdestsearch","An introduction to traditional roofing materials and techniques, with guidance on current best practice and HES slate quarry initiatives.","2026-03-31","09:30:00+01:00",,"eventbrite","https://www.eventbrite.co.uk/e/scottish-roofing-materials-and-practices-tickets-1373043864159?aff=ebdssbdestsearch"
"Meet the Editors of Global Constitutionalism","Free","https://img.evbuc.com/https%3A%2F%2Fcdn.evbuc.com%2Fimages%2F1171486390%2F22124374060%2F1%2Foriginal.20251121-111052?w=1000&auto=format%2Ccompress&q=75&sharp=10&rect=0%2C249%2C5960%2C2980&s=45215e4956a6ea0c934703e0508c717d","Edinburgh Law School, South Bridge, Edinburgh, EH8 9YL","https://www.eventbrite.co.uk/e/meet-the-editors-of-global-constitutionalism-tickets-1980375864521?aff=ebdssbdestsearch","All are welcome to a “Meet the Editors of Global Constitutionalism” hybrid roundtable.","2026-03-06","10:30:00+00:00",,"eventbrite","https://www.eventbrite.co.uk/e/meet-the-editors-of-global-constitutionalism-tickets-1980375864521?aff=ebdssbdestsearch"
"Edinburgh Maternity and Midwifery Festival 2026","Free","https://img.evbuc.com/https%3A%2F%2Fcdn.evbuc.com%2Fimages%2F1128436233%2F284665778790%2F1%2Foriginal.20250918-180257?w=1000&auto=format%2Ccompress&q=75&sharp=10&s=2859e766f095210dff21f3522a87affc","Murrayfield Stadium, Roseburn Street, Edinburgh, EH12 5PJ","https://www.eventbrite.co.uk/e/edinburgh-maternity-and-midwifery-festival-2026-tickets-1716752586199?aff=ebdssbdestsearch","Edinburgh Maternity & Midwifery Festival 2026","2026-11-25","08:30:00+00:00",,"eventbrite","https://www.eventbrite.co.uk/e/edinburgh-maternity-and-midwifery-festival-2026-tickets-1716752586199?aff=ebdssbdestsearch"
"BOOKMARKS 2026","Free","https://img.evbuc.com/https%3A%2F%2Fcdn.evbuc.com%2Fimages%2F1176541863%2F152624539158%2F1%2Foriginal.20260203-093917?w=480&auto=format%2Ccompress&q=75&sharp=10&rect=0%2C0%2C2160%2C1080&s=8a118665ebba155d8a3989ba22be3f87","Sculpture Court, Edinburgh College of Art, Lauriston Place, Edinburgh, EH3 9DF","https://www.eventbrite.co.uk/e/bookmarks-2026-tickets-1981944475278?aff=ebdssbdestsearch","Join us for the 10th edition of BOOKMARKS: Artist’s Book and Zine Fair in Edinburgh College of Art's Sculpture Court","2026-03-04","13:00:00Z",,"eventbrite","https://www.eventbrite.co.uk/e/bookmarks-2026-tickets-1981944475278?aff=ebdssbdestsearch"
"Festival of Early Level and Realising the Ambition","Free","https://img.evbuc.com/https%3A%2F%2Fcdn.evbuc.com%2Fimages%2F1175821208%2F236253719073%2F1%2Foriginal.20260126-094224?w=480&auto=format%2Ccompress&q=75&sharp=10&rect=0%2C55%2C2480%2C1240&s=c2e6c927885f23d88c03b8a631167d3b","Moray House School of Education and Sport, University of Edinburgh, Paterson’s Land G1, Edinburgh, EH8 8AQ","https://www.eventbrite.co.uk/e/festival-of-early-level-and-realising-the-ambition-tickets-1981317961358?aff=ebdssbdestsearch","An exhibition of best practice and what we could provide with a Kindergarten Stage.","2026-02-24","17:30:00Z",,"eventbrite","https://www.eventbrite.co.uk/e/festival-of-early-level-and-realising-the-ambition-tickets-1981317961358?aff=ebdssbdestsearch"
"Graphic Design Experience Day at Edinburgh Napier University","Free","https://img.evbuc.com/https%3A%2F%2Fcdn.evbuc.com%2Fimages%2F1175819988%2F2986077084922%2F1%2Foriginal.20260126-091149?crop=focalpoint&fit=crop&w=480&auto=format%2Ccompress&q=75&sharp=10&fp-x=0.936&fp-y=0.922&s=e192576f3213596b47d323bc363f125f","Edinburgh Napier University Merchiston Campus, 10 Colinton Road, Edinburgh, EH10 5DT","https://www.eventbrite.com/e/graphic-design-experience-day-at-edinburgh-napier-university-tickets-1977531271266?aff=ebdssbdestsearch","An opportunity to get to know the BDes (Hons) Graphic Design course, experience our studio culture, and ask any questions.","2026-02-13","11:00:00Z",,"eventbrite","https://www.eventbrite.com/e/graphic-design-experience-day-at-edinburgh-napier-university-tickets-1977531271266?aff=ebdssbdestsearch"
"Fundamentals of Model Risk","Free","https://img.evbuc.com/https%3A%2F%2Fcdn.evbuc.com%2Fimages%2F1175939883%2F2976099746041%2F1%2Foriginal.20260127-122132?w=480&auto=format%2Ccompress&q=75&sharp=10&rect=0%2C94%2C8000%2C4000&s=ae37eaa4a31b82cb039755040afc1ba4","Business School, The University of Edinburgh, 29 Buccleuch Place, Edinburgh, EH8 9JS","https://www.eventbrite.co.uk/e/fundamentals-of-model-risk-tickets-1981202680550?aff=ebdssbdestsearch","The Credit Research Centre unites with the Model Risk Managers International Association for a day devoted to understanding Model Risk","2026-02-19","14:00:00Z",,"eventbrite","https://www.eventbrite.co.uk/e/fundamentals-of-model-risk-tickets-1981202680550?aff=ebdssbdestsearch"
"A Weekend for your Inner Child!","£0 - £888","https://img.evbuc.com/https%3A%2F%2Fcdn.evbuc.com%2Fimages%2F1174298168%2F2301370740903%2F1%2Foriginal.20260108-114231?crop=focalpoint&fit=crop&w=480&auto=format%2Ccompress&q=75&sharp=10&fp-x=0.5&fp-y=0.5&s=c1ebbd503307ac3f5ae8d9b2c2a9db64","Innerleithen, Leithen Road, Innerleithen, EH44 6HX","https://www.eventbrite.co.uk/e/a-weekend-for-your-inner-child-tickets-1980083582297?aff=ebdssbdestsearch","A retreat like no other in the beautiful Scottish Borders!","2026-03-06","17:00:00Z",,"eventbrite","https://www.eventbrite.co.uk/e/a-weekend-for-your-inner-child-tickets-1980083582297?aff=ebdssbdestsearch"
"Data Science – Python Programming with AI & Machine Learning @ Edinburgh","Free","https://img.evbuc.com/https%3A%2F%2Fcdn.evbuc.com%2Fimages%2F1061043273%2F221396868041%2F1%2Foriginal.20250626-105847?w=480&auto=format%2Ccompress&q=75&sharp=10&s=161a09ad61ed646b918fc546ab1218eb","21 Calder Rd, 21 Calder Road, Edinburgh, EH11 3PF","https://www.eventbrite.co.uk/e/data-science-python-programming-with-ai-machine-learning-edinburgh-tickets-1977495836279?aff=ebdssbdestsearch","*** For this course students have a choice to attend the course with Tutor-led (face to face)  or Tutor-led (Live - Online) classes***","2026-03-14","09:30:00Z",,"eventbrite","https://www.eventbrite.co.uk/e/data-science-python-programming-with-ai-machine-learning-edinburgh-tickets-1977495836279?aff=ebdssbdestsearch"
"Upland Habitats Workshop","Free","https://img.evbuc.com/https%3A%2F%2Fcdn.evbuc.com%2Fimages%2F1175941340%2F2990128529896%2F1%2Foriginal.20260127-124351?w=1000&auto=format%2Ccompress&q=75&sharp=10&rect=0%2C748%2C4032%2C2016&s=92853ab74bda7b6d724fff960a19018c","Bonaly Scout Centre, 71 Bonaly Road, Edinburgh, EH13 0PB","https://www.eventbrite.com/e/upland-habitats-workshop-tickets-1981719890539?aff=ebdssbdestsearch","Join Naturas for our Upland Habitats Workshop in the Pentlands Regional Park!","2026-04-25","10:30:00+01:00",,"eventbrite","https://www.eventbrite.com/e/upland-habitats-workshop-tickets-1981719890539?aff=ebdssbdestsearch"
"Wild Writing: generative writing classes, 6 week in person block","£120","https://img.evbuc.com/https%3A%2F%2Fcdn.evbuc.com%2Fimages%2F1174194945%2F219612893023%2F1%2Foriginal.20260107-120046?w=480&auto=format%2Ccompress&q=75&sharp=10&rect=0%2C272%2C3024%2C1512&s=3a6c892b41c5c7391f531fa917158d62","Scottish Poetry Library, 5 Crichton's Close, Edinburgh, EH8 8DT","https://www.eventbrite.co.uk/e/wild-writing-generative-writing-classes-6-week-in-person-block-tickets-1979974255297?aff=ebdssbdestsearch","Breathe out onto the page. Write, and feel the benefits in this 6 week intimate course that uses poetry to stimulate and soothe.","2026-02-10","10:00:00Z",,"eventbrite","https://www.eventbrite.co.uk/e/wild-writing-generative-writing-classes-6-week-in-person-block-tickets-1979974255297?aff=ebdssbdestsearch"
"Emotional Freedom Techniques Certification Course (In Person)","Free","https://img.evbuc.com/https%3A%2F%2Fcdn.evbuc.com%2Fimages%2F1172068778%2F254940796312%2F1%2Foriginal.20251201-165737?w=1000&auto=format%2Ccompress&q=75&sharp=10&rect=0%2C40%2C1640%2C820&s=f910f03f8a77a713da3a6bb1e3afba19","The Salisbury Centre, 2 Salisbury Road, Edinburgh, EH16 5AB","https://www.eventbrite.co.uk/e/emotional-freedom-techniques-certification-course-in-person-tickets-1968222933778?aff=ebdssbdestsearch","Emotional Freedom Techniques In-Person Certification Course with EFTMRA Academy","2026-04-03","09:30:00+01:00",,"eventbrite","https://www.eventbrite.co.uk/e/emotional-freedom-techniques-certification-course-in-person-tickets-1968222933778?aff=ebdssbdestsearch"
"Anatomical Museum, Public  Open Day , Saturday 14th February","Free","https://img.evbuc.com/https%3A%2F%2Fcdn.evbuc.com%2Fimages%2F1172969994%2F87759189015%2F1%2Foriginal.20251215-101236?w=480&auto=format%2Ccompress&q=75&sharp=10&rect=0%2C29%2C1920%2C960&s=04c490e386367bb941342c35aeec3192","Medical School (Old Medical School), The University of Edinburgh, Teviot Place, Doorway 3, Edinburgh, EH8 9AG","https://www.eventbrite.co.uk/e/anatomical-museum-public-open-day-saturday-14th-february-tickets-1977704565594?aff=ebdssbdestsearch","Join us for a Valentine's Day with a difference and a special heart-themed Open Day at the Anatomical Museum","2026-02-14","10:00:00Z",,"eventbrite","https://www.eventbrite.co.uk/e/anatomical-museum-public-open-day-saturday-14th-february-tickets-1977704565594?aff=ebdssbdestsearch"
"British Sign Language (BSL) 6 Week Introduction to BSL course","Free","https://img.evbuc.com/https%3A%2F%2Fcdn.evbuc.com%2Fimages%2F1174852057%2F1555692477303%2F1%2Foriginal.20260114-160445?w=480&auto=format%2Ccompress&q=75&sharp=10&rect=0%2C0%2C800%2C400&s=9eecf9d2c5ccc68f7d68cabf7c733647","Queen Margaret University, Drive, Musselburgh, EH21 6UU","https://www.eventbrite.com/e/british-sign-language-bsl-6-week-introduction-to-bsl-course-tickets-1980559965171?aff=ebdssbdestsearch","Suitable for absolute beginners, this course will introduce you to the basics of conversation in using BSL. Free for QMU staff or Students.","2026-01-29","15:30:00Z",,"eventbrite","https://www.eventbrite.com/e/british-sign-language-bsl-6-week-introduction-to-bsl-course-tickets-1980559965171?aff=ebdssbdestsearch"
"A Multilingual Roundtable on Kiffe Kiffe Demain by Faiza guène","Free","https://img.evbuc.com/https%3A%2F%2Fcdn.evbuc.com%2Fimages%2F1173386647%2F91320549243%2F1%2Foriginal.20251222-111821?crop=focalpoint&fit=crop&w=480&auto=format%2Ccompress&q=75&sharp=10&fp-x=0.5&fp-y=0.5&s=b8386cee0229a51b3b2bdb66e2b3c890","Department of Languages and Intercultural Studies, EM224, Heriot-Watt University, Edinburgh, EH14 4AS","https://www.eventbrite.co.uk/e/a-multilingual-roundtable-on-kiffe-kiffe-demain-by-faiza-guene-tickets-1978823173380?aff=ebdssbdestsearch","A free multilingual roundtable exploring Kiffe Kiffe Demain, bringing readers together across languages.","2026-03-20","14:00:00Z",,"eventbrite","https://www.eventbrite.co.uk/e/a-multilingual-roundtable-on-kiffe-kiffe-demain-by-faiza-guene-tickets-1978823173380?aff=ebdssbdestsearch"
"Week of Sound | Concert - Revolution","Free","https://img.evbuc.com/https%3A%2F%2Fcdn.evbuc.com%2Fimages%2F1175632888%2F152624539158%2F1%2Foriginal.20260123-104216?w=480&auto=format%2Ccompress&q=75&sharp=10&rect=0%2C6%2C1600%2C800&s=9bf8d3355b17237d7aebed996f86cfba","Reid Concert Hall, The University of Edinburgh, Bristo Square, Edinburgh, EH8 9AL","https://www.eventbrite.co.uk/e/week-of-sound-concert-revolution-tickets-1980550998351?aff=ebdssbdestsearch","Revolution is a bold, genre-spanning concert created by the Reid School of Music’s Ensemble in Residence, Sequoia, with Musis students","2026-02-18","19:00:00Z",,"eventbrite","https://www.eventbrite.co.uk/e/week-of-sound-concert-revolution-tickets-1980550998351?aff=ebdssbdestsearch"
"Dumyat Hill Race 2026","£11 - £14","https://img.evbuc.com/https%3A%2F%2Fcdn.evbuc.com%2Fimages%2F443573919%2F244786216368%2F1%2Foriginal.20190212-133101?w=480&auto=format%2Ccompress&q=75&sharp=10&rect=0%2C331%2C5472%2C2736&s=98ef281eb145c663b30e946e678a028d","University of Stirling Sport, Sports Centre, University of Stirling, Stirling, FK9 4LA","https://www.eventbrite.co.uk/e/dumyat-hill-race-2026-tickets-1863184166999?aff=ebdssbdestsearch","The Dumyat Hill Race is the University of Stirling's flagship running event, and a popular fixture on the Scottish hill running calendar.","2026-05-06","17:30:00+01:00",,"eventbrite","https://www.eventbrite.co.uk/e/dumyat-hill-race-2026-tickets-1863184166999?aff=ebdssbdestsearch"
"Free Python Programming Course @ Edinburgh. V/L available","Free","https://img.evbuc.com/https%3A%2F%2Fcdn.evbuc.com%2Fimages%2F452833959%2F221396868041%2F1%2Foriginal.20200427-115601?w=480&auto=format%2Ccompress&q=75&sharp=10&rect=36%2C0%2C1096%2C548&s=76e62d8c4334239c48c478b9996c8f85","21 Calder Rd, 21 Calder Road, Edinburgh, EH11 3PF","https://www.eventbrite.co.uk/e/free-python-programming-course-edinburgh-vl-available-tickets-1977626750848?aff=ebdssbdestsearch","IT Professional Training is offering you to join this free (fully funded by SAAS) Python Programming  Course.","2026-03-21","09:30:00Z",,"eventbrite","https://www.eventbrite.co.uk/e/free-python-programming-course-edinburgh-vl-available-tickets-1977626750848?aff=ebdssbdestsearch"
"ESSS Surgical Skills Club","Free","https://img.evbuc.com/https%3A%2F%2Fcdn.evbuc.com%2Fimages%2F1176371183%2F339463332249%2F1%2Foriginal.20260201-132700?crop=focalpoint&fit=crop&w=480&auto=format%2Ccompress&q=75&sharp=10&fp-x=0.5&fp-y=0.5&s=0f9b9537381dff97950d6edb4bfdd840","40 George Square, 40 George Square, LG.11, Edinburgh, EH8 9JX","https://www.eventbrite.co.uk/e/esss-surgical-skills-club-tickets-1981161054044?aff=ebdssbdestsearch","Session 14 - Plastics: Corner Stitch","2026-01-27","18:00:00Z",,"eventbrite","https://www.eventbrite.co.uk/e/esss-surgical-skills-club-tickets-1981161054044?aff=ebdssbdestsearch"
"Reimagining Educational Futures: Diagnosis and Prognosis","Free","https://img.evbuc.com/https%3A%2F%2Fcdn.evbuc.com%2Fimages%2F1175339212%2F1900619180303%2F1%2Foriginal.20260120-145629?w=1000&auto=format%2Ccompress&q=75&sharp=10&s=40c33c25d11946a314fd3bb71adf74ff","Godfrey Thomson Hall, Thomson&#39;s Land, The University of Edinburgh, ., Edinburgh, EH8 8FF","https://www.eventbrite.co.uk/e/reimagining-educational-futures-diagnosis-and-prognosis-tickets-1980980929286?aff=ebdssbdestsearch","This public lecture will be delivered by Susan Robertson, Professor of Sociology of Education, and will be followed by a drinks reception.","2026-02-24","17:30:00+00:00",,"eventbrite","https://www.eventbrite.co.uk/e/reimagining-educational-futures-diagnosis-and-prognosis-tickets-1980980929286?aff=ebdssbdestsearch"
"Machine Knitting 101 - The Basics","£75","https://img.evbuc.com/https%3A%2F%2Fcdn.evbuc.com%2Fimages%2F995119593%2F13739380111%2F1%2Foriginal.20250328-154018?w=480&auto=format%2Ccompress&q=75&sharp=10&rect=0%2C1767%2C6144%2C3072&s=92084236f4b6565c0c5eabdb4093226b","Coburg House Art Studios, 15 Coburg Street, Leith, EH6 6ET","https://www.eventbrite.co.uk/e/machine-knitting-101-the-basics-tickets-1304148115119?aff=ebdssbdestsearch","Introductory machine knitting workshops for complete beginners. Whether you are just getting started or want to try it out, this is for you!","2025-04-16","13:00:00+01:00",,"eventbrite","https://www.eventbrite.co.uk/e/machine-knitting-101-the-basics-tickets-1304148115119?aff=ebdssbdestsearch"
"Data Science with Python Programming & SQL Course @ Edinburgh","Free","https://img.evbuc.com/https%3A%2F%2Fcdn.evbuc.com%2Fimages%2F1057341253%2F221396868041%2F1%2Foriginal.20250620-153251?w=480&auto=format%2Ccompress&q=75&sharp=10&rect=0%2C18%2C1026%2C513&s=ac92cb2bca9afc7a4c6e268c5af54a2c","21 Calder Rd, 21 Calder Road, Edinburgh, EH11 3PF","https://www.eventbrite.co.uk/e/data-science-with-python-programming-sql-course-edinburgh-tickets-1970651716332?aff=ebdssbdestsearch","Free (funded by SAAS) Data Science with Python Programming & SQL Course @ Edinburgh. Virtual learning Available.","2026-03-27","18:00:00Z",,"eventbrite","https://www.eventbrite.co.uk/e/data-science-with-python-programming-sql-course-edinburgh-tickets-1970651716332?aff=ebdssbdestsearch"
"Conserving Timberwork and Timber Windows","Free","https://img.evbuc.com/https%3A%2F%2Fcdn.evbuc.com%2Fimages%2F656571649%2F242117655291%2F1%2Foriginal.20231211-114317?w=1000&auto=format%2Ccompress&q=75&sharp=10&rect=0%2C157%2C768%2C384&s=d19c57208e737a917303bfea812227f6","The Engine Shed, Forthside Way, Stirling, FK8 1QZ","https://www.eventbrite.co.uk/e/conserving-timberwork-and-timber-windows-tickets-1976005054310?aff=ebdssbdestsearch","A focus on the use and the repair of timberwork in Scotland’s buildings, with special attention on traditional sash and case windows.","2026-04-22","09:00:00+01:00",,"eventbrite","https://www.eventbrite.co.uk/e/conserving-timberwork-and-timber-windows-tickets-1976005054310?aff=ebdssbdestsearch"
"Women of Watt February Meet-Up: Turn your idea into reality","Free","https://img.evbuc.com/https%3A%2F%2Fcdn.evbuc.com%2Fimages%2F1176198372%2F334682930045%2F1%2Foriginal.20260129-201403?w=480&auto=format%2Ccompress&q=75&sharp=10&rect=0%2C0%2C2160%2C1080&s=055b86a443f5cb324599ed97564fc62e","GRID at Heriot-Watt, First Gait, Currie, EH14 4AP","https://www.eventbrite.co.uk/e/women-of-watt-february-meet-up-turn-your-idea-into-reality-tickets-1981003009328?aff=ebdssbdestsearch","From Concept to Customer: Turn your idea into reality. An in-person Women of Watt session with inspiring guest founder, Dr Kate Smith","2026-02-25","12:00:00Z",,"eventbrite","https://www.eventbrite.co.uk/e/women-of-watt-february-meet-up-turn-your-idea-into-reality-tickets-1981003009328?aff=ebdssbdestsearch"
"Student Apartments: Share the Love","Free","https://img.evbuc.com/https%3A%2F%2Fcdn.evbuc.com%2Fimages%2F1175455135%2F2894506221661%2F1%2Foriginal.20260121-161059?w=480&auto=format%2Ccompress&q=75&sharp=10&rect=130%2C0%2C540%2C270&s=082818d703a8f12598dd6a62f41b0797","Fraser Building, Level 4, Glasgow, G12","https://www.eventbrite.com/e/student-apartments-share-the-love-tickets-1981201185077?aff=ebdssbdestsearch","Join us for a heart-warming Valentine’s event designed to celebrate self-loveand spreading good vibes within our student community","2026-02-12","17:30:00Z",,"eventbrite","https://www.eventbrite.com/e/student-apartments-share-the-love-tickets-1981201185077?aff=ebdssbdestsearch"